<xml>
  <dir>
    <title>Popular</title>
    <tmdb>tv/popular</tmdb>
    <summary>Popular Shows</summary>
    <thumbnail>https://raw.githubusercontent.com/OpenELEQ/repository.elysium/master/images/Default/most-popular.png</thumbnail>
  </dir>

  <dir>
    <title>Airing Today</title>
    <tmdb>tv/today</tmdb>
    <summary>Episodes Airing Today</summary>
    <thumbnail>https://raw.githubusercontent.com/OpenELEQ/repository.elysium/master/images/Default/airing-today.png</thumbnail>
  </dir>

  <dir>
    <title>Top Rated</title>
    <tmdb>tv/top_rated</tmdb>
    <summary>Top Rated TMDB Shows</summary>
    <thumbnail>https://raw.githubusercontent.com/OpenELEQ/repository.elysium/master/images/Default/highly-rated.png</thumbnail>
  </dir>
  
  <dir>
    <title>Genres</title>
    <link>file://shared lists/genre_tv.xml</link>
    <summary>Search Shows by Genre</summary>
    <thumbnail>https://raw.githubusercontent.com/OpenELEQ/repository.elysium/master/images/Default/genres.png</thumbnail>
  </dir>

  <dir>
    <title>On The Air</title>
    <tmdb>tv/on_the_air</tmdb>
    <summary>Shows Airing in Next 7 Days</summary>
    <thumbnail>https://raw.githubusercontent.com/OpenELEQ/repository.elysium/master/images/Default/latest-episodes.png</thumbnail>
  </dir>

  <dir>
    <title>Networks</title>
    <link>file://shared lists/networks.xml</link>
    <summary>Search Shows by Network</summary>
    <thumbnail>https://raw.githubusercontent.com/OpenELEQ/repository.elysium/master/images/Default/networks.png</thumbnail>
  </dir>

  <dir>
    <name>The Movie Database</name>
    <link>message(This product uses the TMDb API but is not endorsed or certified by TMDb.)</link>
    <thumbnail>https://raw.githubusercontent.com/OpenELEQ/repository.elysium/master/images/Default/tmdb.png</thumbnail>
  </dir>
</xml>