<xml>
  <dir>
    <title>[B][COLORwhite]Adam Sandler[/COLOR][/B]</title>
    <trakt>https://api.trakt.tv/people/Adam-Sandler/movies</trakt>
    <thumbnail>http://image.tmdb.org/t/p/original/tv9V6QsuZ3bcp4ciUJjwjcc4qAg.jpg</thumbnail>
  </dir>

  <dir>
    <title>[B][COLORwhite]Al Pacino[/COLOR][/B]</title>
    <tmdb>person/movies/1158</tmdb>
    <thumbnail>http://image.tmdb.org/t/p/original/k6fkSeWViBnnZxwZEEWqjpycyiq.jpg</thumbnail>
  </dir>

  <dir>
    <title>[B][COLORwhite]Anthony Hopkins[/COLOR][/B]</title>
    <tmdb>person/movies/4173</tmdb>
    <thumbnail>http://image.tmdb.org/t/p/original/wSKCjkfZ90i9vbDwKf0mlvsgdCX.jpg</thumbnail>
  </dir>

  <dir>
    <title>[B][COLORwhite]Anthony Quinn[/COLOR][/B]</title>
    <trakt>https://api.trakt.tv/people/Anthony-Quinn/movies</trakt>
    <thumbnail>http://image.tmdb.org/t/p/original/9sKpm4KCoUbmMbR86fpqcgBCHrJ.jpg</thumbnail>
  </dir>

  <dir>
    <title>[B][COLORwhite]Arnold Schwarzenegger[/COLOR][/B]</title>
    <trakt>https://api.trakt.tv/people/arnold-schwarzenegger/movies</trakt>
    <thumbnail>http://image.tmdb.org/t/p/original/3cWGPgdJn1s4O2Rvo6zN7yHkzOe.jpg</thumbnail>
  </dir>

  <dir>
    <title>[B][COLORwhite]Ben Affleck[/COLOR][/B]</title>
    <trakt>https://api.trakt.tv/people/Ben-Affleck/movies</trakt>
    <thumbnail>http://image.tmdb.org/t/p/original/yXtyygmSGtrwTfEmr6g2WgHFJIZ.jpg</thumbnail>
  </dir>

  <dir>
    <title>[B][COLORwhite]Ben Stiller[/COLOR][/B]</title>
    <trakt>https://api.trakt.tv/people/Ben-Stiller/movies</trakt>
    <thumbnail>http://image.tmdb.org/t/p/original/umikKeCX3vEZoUcx2klxPG8571s.jpg</thumbnail>
  </dir>

  <dir>
    <title>[B][COLORwhite]Brad Pitt[/COLOR][/B]</title>
    <trakt>https://api.trakt.tv/people/Brad-Pitt/movies</trakt>
    <thumbnail>http://image.tmdb.org/t/p/original/kc3M04QQAuZ9woUvH3Ju5T7ZqG5.jpg</thumbnail>
  </dir>

  <dir>
    <title>[B][COLORwhite]Bradley Cooper[/COLOR][/B]</title>
    <trakt>https://api.trakt.tv/people/Bradley-Cooper/movies</trakt>
    <thumbnail>http://image.tmdb.org/t/p/original/2daC5DeXqwkFND0xxutbnSVKN6c.jpg</thumbnail>
  </dir>

  <dir>
    <title>[B][COLORwhite]Christian Bale[/COLOR][/B]</title>
    <trakt>https://api.trakt.tv/people/Christian-Bale/movies</trakt>
    <thumbnail>http://image.tmdb.org/t/p/original/pPXnqoGD91znz4FwQ6aKuxi6Pcy.jpg</thumbnail>
  </dir>

  <dir>
    <title>[B][COLORwhite]Clint Eastwood[/COLOR][/B]</title>
    <trakt>https://api.trakt.tv/people/clint-eastwood/movies</trakt>
    <thumbnail>http://image.tmdb.org/t/p/original/n8h4ZHteFFXfmzUW6OEaPWanDnm.jpg</thumbnail>
  </dir>

  <dir>
    <title>[B][COLORwhite]Denzel Washington[/COLOR][/B]</title>
    <trakt>https://api.trakt.tv/people/Denzel-Washington/movies</trakt>
    <thumbnail>http://image.tmdb.org/t/p/original/t9arcZbg1nLt8GZt2SkWm227YoK.jpg</thumbnail>
  </dir>

  <dir>
    <title>[B][COLORwhite]Dustin Hoffman[/COLOR][/B]</title>
    <trakt>https://api.trakt.tv/people/Dustin-Hoffman/movies</trakt>
    <thumbnail>http://image.tmdb.org/t/p/original/ffKPo8ATHVXME6cgA5BDyvy2df1.jpg</thumbnail>
  </dir>

  <dir>
    <title>[B][COLORwhite]Eddie Murphy[/COLOR][/B]</title>
    <trakt>https://api.trakt.tv/people/Eddie-Murphy/movies</trakt>
    <thumbnail>http://image.tmdb.org/t/p/original/bsi706zdqs0KAPdOsqz6AkLNcFF.jpg</thumbnail>
  </dir>

  <dir>
    <title>[B][COLORwhite]Harrison Ford[/COLOR][/B]</title>
    <tmdb>person/movies/3</tmdb>
    <thumbnail>http://image.tmdb.org/t/p/original/aVKNqtkzZCymupOrvwxozamRyVc.jpg</thumbnail>
  </dir>

  <dir>
    <title>[B][COLORwhite]Jack Nicholson[/COLOR][/B]</title>
    <trakt>https://api.trakt.tv/people/Jack-Nicholson/movies</trakt>
    <thumbnail>http://image.tmdb.org/t/p/original/hINAkm21g80UbaAxA6rHhOaT5Jk.jpg</thumbnail>
  </dir>

  <dir>
    <title>[B][COLORwhite]Jason Statham[/COLOR][/B]</title>
    <trakt>https://api.trakt.tv/people/Jason-Statham/movies</trakt>
    <thumbnail>http://image.tmdb.org/t/p/original/PhWiWgasncGWD9LdbsGcmxkV4r.jpg</thumbnail>
  </dir>

  <dir>
    <title>[B][COLORwhite]Jim Carrey[/COLOR][/B]</title>
    <trakt>https://api.trakt.tv/people/Jim-Carrey/movies</trakt>
    <thumbnail>http://image.tmdb.org/t/p/original/a46mhZ3ZLIx3SOGTj3WhchC7XbQ.jpg</thumbnail>
  </dir>

  <dir>
    <title>[B][COLORwhite]Joe Pesci[/COLOR][/B]</title>
    <trakt>https://api.trakt.tv/people/Joe-Pesci/movies</trakt>
    <thumbnail>http://image.tmdb.org/t/p/original/2CaYAhUZgkAeqtpIzuqGcqArsOy.jpg</thumbnail>
  </dir>

  <dir>
    <title>[B][COLORwhite]John Wayne[/COLOR][/B]</title>
    <trakt>https://api.trakt.tv/people/john-wayne/movies</trakt>
    <thumbnail>http://image.tmdb.org/t/p/original/iw9gHSQj1l3TQeiJb5tNK2N8k2w.jpg</thumbnail>
  </dir>

  <dir>
    <title>[B][COLORwhite]Johnny Depp[/COLOR][/B]</title>
    <tmdb>person/movies/85</tmdb>
    <thumbnail>https://image.tmdb.org/t/p/w640/ea4fTp9T8Zy2KWxyFsqDIBgHZmb.jpg</thumbnail>
  </dir>

  <dir>
    <title>[B][COLORwhite]Keanu Reeves[/COLOR][/B]</title>
    <trakt>https://api.trakt.tv/people/Keanu-Reeves/movies</trakt>
    <thumbnail>http://image.tmdb.org/t/p/original/cEIZlUQvnlXfoxF0mPJsvDPh2Po.jpg</thumbnail>
  </dir>

  <dir>
    <title>[B][COLORwhite]Kevin Costner[/COLOR][/B]</title>
    <tmdb>person/movies/1269</tmdb>
    <thumbnail>http://image.tmdb.org/t/p/original/ePo87kGyyY8JZ3z7Zm7Z2GYdmJ8.jpg</thumbnail>
  </dir>

  <dir>
    <title>[B][COLORwhite]Kevin Spacey[/COLOR][/B]</title>
    <trakt>https://api.trakt.tv/people/Kevin-Spacey/movies</trakt>
    <thumbnail>http://image.tmdb.org/t/p/original/cdowETe1PgXLjo72hDb7R7tyavf.jpg</thumbnail>
  </dir>

  <dir>
    <title>[B][COLORwhite]Kurt Russell[/COLOR][/B]</title>
    <trakt>https://api.trakt.tv/people/Kurt-Russell/movies</trakt>
    <thumbnail>http://image.tmdb.org/t/p/original/rlnFuNkisPpuypARI7QaGCmOY6V.jpg</thumbnail>
  </dir>

  <dir>
    <title>[B][COLORwhite]Liam Neeson[/COLOR][/B]</title>
    <trakt>https://api.trakt.tv/people/Liam-Neeson/movies</trakt>
    <thumbnail>http://image.tmdb.org/t/p/original/9mdAohLsDu36WaXV2N3SQ388bvz.jpg</thumbnail>
  </dir>

  <dir>
    <title>[B][COLORwhite]Matt Damon[/COLOR][/B]</title>
    <trakt>https://api.trakt.tv/people/Matt-Damon/movies</trakt>
    <thumbnail>http://image.tmdb.org/t/p/original/dziqtcXqS2xcf1a5FIpfmKoCO2A.jpg</thumbnail>
  </dir>

  <dir>
    <title>[B][COLORwhite]Mel Gibson[/COLOR][/B]</title>
    <trakt>https://api.trakt.tv/people/Mel-Gibson/movies</trakt>
    <thumbnail>http://image.tmdb.org/t/p/original/6VGgL0bBvPIJ9vDOyyGf5nK2zL4.jpg</thumbnail>
  </dir>

  <dir>
    <title>[B][COLORwhite]Michael Caine[/COLOR][/B]</title>
    <tmdb>person/movies/3895</tmdb>
    <thumbnail>http://image.tmdb.org/t/p/original/nlIjMLp9zvvYM2eFm77UhI7s1nW.jpg</thumbnail>
  </dir>

  <dir>
    <title>[B][COLORwhite]Mickey Rourke[/COLOR][/B]</title>
    <trakt>https://api.trakt.tv/people/Mickey-Rourke/movies</trakt>
    <thumbnail>http://image.tmdb.org/t/p/original/AvGzQ8fvjurGmZW3W1wlQ5WfSeT.jpg</thumbnail>
  </dir>

  <dir>
    <title>[B][COLORwhite]Morgan Freeman[/COLOR][/B]</title>
    <tmdb>person/movies/192</tmdb>
    <thumbnail>http://image.tmdb.org/t/p/original/oGJQhOpT8S1M56tvSsbEBePV5O1.jpg</thumbnail>
  </dir>

  <dir>
    <title>[B][COLORwhite]Nicolas Cage[/COLOR][/B]</title>
    <trakt>https://api.trakt.tv/people/Nicolas-Cage/movies</trakt>
    <thumbnail>http://image.tmdb.org/t/p/original/fW37Gbk5PJZuXvyZwtcr0cMwPKY.jpg</thumbnail>
  </dir>

  <dir>
    <title>[B][COLORwhite]Owen Wilson[/COLOR][/B]</title>
    <trakt>https://api.trakt.tv/people/Owen-Wilson/movies</trakt>
    <thumbnail>http://image.tmdb.org/t/p/original/j7oYgvfDiO34VcFdSB7GhM2CSle.jpg</thumbnail>
  </dir>

  <dir>
    <title>[B][COLORwhite]Pierce Brosnan[/COLOR][/B]</title>
    <tmdb>person/movies/517</tmdb>
    <thumbnail>http://image.tmdb.org/t/p/original/1JXL0zrA26JjdoX8sqf57fJRDVM.jpg</thumbnail>
  </dir>

  <dir>
    <title>[B][COLORwhite]Robert Carlyle[/COLOR][/B]</title>
    <trakt>https://api.trakt.tv/people/Robert-Carlyle/movies</trakt>
    <thumbnail>http://image.tmdb.org/t/p/original/qOvOpvSDyS9XfUhOFdzZNnU6nni.jpg</thumbnail>
  </dir>

  <dir>
    <title>[B][COLORwhite]Robert De Niro[/COLOR][/B]</title>
    <trakt>https://api.trakt.tv/people/Robert-De-Niro/movies</trakt>
    <thumbnail>http://image.tmdb.org/t/p/original/8Bgdfv1oN9Mw0YuMHP6fw8KzDkc.jpg</thumbnail>
  </dir>

  <dir>
    <title>[B][COLORwhite]Robert Downey Jr[/COLOR][/B]</title>
    <trakt>https://api.trakt.tv/people/Robert-Downey-Jr/movies</trakt>
    <thumbnail>http://image.tmdb.org/t/p/original/gHtgzyETaiaogvMtLUSdMzcmmtl.jpg</thumbnail>
  </dir>

  <dir>
    <title>[B][COLORwhite]Robin Williams[/COLOR][/B]</title>
    <tmdb>person/movies/2157</tmdb>
    <thumbnail>http://image.tmdb.org/t/p/original/5KebSMXT8uj2D0gkaMFJ8VEp53.jpg</thumbnail>
  </dir>

  <dir>
    <title>[B][COLORwhite]Russell Crowe[/COLOR][/B]</title>
    <trakt>https://api.trakt.tv/people/Russell-Crowe/movies</trakt>
    <thumbnail>http://image.tmdb.org/t/p/original/ktuOAyUHM2u2YPPChH8gAArxJ7b.jpg</thumbnail>
  </dir>

  <dir>
    <title>[B][COLORwhite]Ryan Reynolds[/COLOR][/B]</title>
    <trakt>https://api.trakt.tv/people/Ryan-Reynolds/movies</trakt>
    <thumbnail>http://image.tmdb.org/t/p/original/3J19JiWqs4M75FFVqOdwn0DBU5q.jpg</thumbnail>
  </dir>

  <dir>
    <title>[B][COLORwhite]Samuel L. Jackson[/COLOR][/B]</title>
    <trakt>https://api.trakt.tv/people/samuel-l-jackson/movies</trakt>
    <thumbnail>http://image.tmdb.org/t/p/original/dlW6prW9HwYDsIRXNoFYtyHpSny.jpg</thumbnail>
  </dir>

  <dir>
    <title>[B][COLORwhite]Sean Bean[/COLOR][/B]</title>
    <trakt>https://api.trakt.tv/people/Sean-Bean/movies</trakt>
    <thumbnail>http://image.tmdb.org/t/p/original/iIxP2IzvcLgr5WaTBD4UfSqaV3q.jpg</thumbnail>
  </dir>

  <dir>
    <title>[B][COLORwhite]Seth Rogen[/COLOR][/B]</title>
    <trakt>https://api.trakt.tv/people/Seth-Rogen/movies</trakt>
    <thumbnail>http://image.tmdb.org/t/p/original/3U9s4dvXQuk1l3ZT3MqwqpmeRqI.jpg</thumbnail>
  </dir>

  <dir>
    <title>[B][COLORwhite]Sylvester Stallone[/COLOR][/B]</title>
    <trakt>https://api.trakt.tv/people/Sylvester-Stallone/movies</trakt>
    <thumbnail>http://image.tmdb.org/t/p/original/gnmwOa46C2TP35N7ARSzboTdx2u.jpg</thumbnail>
  </dir>

  <dir>
    <title>[B][COLORwhite]Tom Cruise[/COLOR][/B]</title>
    <tmdb>person/movies/500</tmdb>
    <thumbnail>http://image.tmdb.org/t/p/original/3oWEuo0e8Nx8JvkqYCDec2iMY6K.jpg</thumbnail>
  </dir>

  <dir>
    <title>[B][COLORwhite]Tom Hanks[/COLOR][/B]</title>
    <trakt>https://api.trakt.tv/people/tom-hanks/movies</trakt>
    <thumbnail>http://image.tmdb.org/t/p/original/a14CNByTYALAPSGlwlmfHILpEIW.jpg</thumbnail>
  </dir>

  <dir>
    <title>[B][COLORwhite]Tommy Lee Jones[/COLOR][/B]</title>
    <trakt>https://api.trakt.tv/people/Tommy-Lee-Jones/movies</trakt>
    <thumbnail>http://image.tmdb.org/t/p/original/gRXugLFvr1oHZ6alLUxmYDq8cgW.jpg</thumbnail>
  </dir>
</xml>