<xml>
  <dir>
    <title>[B][COLORwhite]Amy Adams[/COLOR][/B]</title>
    <trakt>https://api.trakt.tv/people/Amy-Adams/movies</trakt>
    <thumbnail>http://image.tmdb.org/t/p/original/tk5eWJcOBr9uRefeUm9ntvehbLA.jpg</thumbnail>
  </dir>

  <dir>
    <title>[B][COLORwhite]Angelina Jolie[/COLOR][/B]</title>
    <trakt>https://api.trakt.tv/people/Angelina-Jolie/movies</trakt>
    <thumbnail>http://image.tmdb.org/t/p/original/wdrSStdTmiSHhynCV5CtTJTuzY1.jpg</thumbnail>
  </dir>

  <dir>
    <title>[B][COLORwhite]Anne Hathaway[/COLOR][/B]</title>
    <trakt>https://api.trakt.tv/people/Anne-Hathaway/movies</trakt>
    <thumbnail>http://image.tmdb.org/t/p/original/xENM3XJAtdpolwELYDy9iaCtU4m.jpg</thumbnail>
  </dir>

  <dir>
    <title>[B][COLORwhite]Audrey Hepburn[/COLOR][/B]</title>
    <trakt>https://api.trakt.tv/people/Audrey-Hepburn/movies</trakt>
    <thumbnail>http://image.tmdb.org/t/p/original/lNmmbyKxwnMSe0vb4kzZroa8lzr.jpg</thumbnail>
  </dir>

  <dir>
    <title>[B][COLORwhite]Cate Blanchett[/COLOR][/B]</title>
    <trakt>https://api.trakt.tv/people/Cate-Blanchett/movies</trakt>
    <thumbnail>http://image.tmdb.org/t/p/original/5HikVWKfkkUa8aLdCMHtREBECIn.jpg</thumbnail>
  </dir>

  <dir>
    <title>[B][COLORwhite]Charlize Theron[/COLOR][/B]</title>
    <trakt>https://api.trakt.tv/people/Charlize-Theron/movies</trakt>
    <thumbnail>http://image.tmdb.org/t/p/original/fG0mtmBm3OsvKFucvoQyqBnVwya.jpg</thumbnail>
  </dir>

  <dir>
    <title>[B][COLORwhite]Darlene Glória[/COLOR][/B]</title>
    <trakt>https://api.trakt.tv/people/Darlene-Glória/movies</trakt>
    <thumbnail>http://1.bp.blogspot.com/-3Jt_fuOSFOI/UQgfQHHWUkI/AAAAAAAAJ-c/pNbNG79j2Ek/s1600/retro+ineditas+441.jpg</thumbnail>
  </dir>

  <dir>
    <title>[B][COLORwhite]Elizabeth Taylor[/COLOR][/B]</title>
    <trakt>https://api.trakt.tv/people/Elizabeth Taylor/movies</trakt>
    <thumbnail>http://image.tmdb.org/t/p/original/rPbfZlBX18OIj7H1Bahq7YcJL0v.jpg</thumbnail>
  </dir>

  <dir>
    <title>[B][COLORwhite]Emilia Clarke[/COLOR][/B]</title>
    <trakt>https://api.trakt.tv/people/Emilia-Clarke/movies</trakt>
    <thumbnail>http://image.tmdb.org/t/p/original/tB1nE2LJH81f5UMiGhKCSlaqsF1.jpg</thumbnail>
  </dir>

  <dir>
    <title>[B][COLORwhite]Emily Blunt[/COLOR][/B]</title>
    <trakt>https://api.trakt.tv/people/Emily-Blunt/movies</trakt>
    <thumbnail>http://image.tmdb.org/t/p/original/m6lrKvsHJHizkvuv7JqWj4zhOLg.jpg</thumbnail>
  </dir>

  <dir>
    <title>[B][COLORwhite]Emma Stone[/COLOR][/B]</title>
    <trakt>https://api.trakt.tv/people/Emma-Stone/movies</trakt>
    <thumbnail>http://image.tmdb.org/t/p/original/xaVbkdhLThQZ5rQr1PCLzAgCEeB.jpg</thumbnail>
  </dir>

  <dir>
    <title>[B][COLORwhite]Emma Thompson[/COLOR][/B]</title>
    <trakt>https://api.trakt.tv/people/Emma-Thompson/movies</trakt>
    <thumbnail>http://image.tmdb.org/t/p/original/cWTBHN8kLf6yapxiaQD9C6N1uMw.jpg</thumbnail>
  </dir>

  <dir>
    <title>[B][COLORwhite]Emma Watson[/COLOR][/B]</title>
    <trakt>https://api.trakt.tv/people/Emma-Watson/movies</trakt>
    <thumbnail>http://image.tmdb.org/t/p/original/eIVJZrG7zDOmSsmrR1Z3IkBkLbK.jpg</thumbnail>
  </dir>

  <dir>
    <title>[B][COLORwhite]Gwyneth Paltrow[/COLOR][/B]</title>
    <trakt>https://api.trakt.tv/people/Gwyneth-Paltrow/movies</trakt>
    <thumbnail>http://image.tmdb.org/t/p/original/uSidH77gLyon3Zpg6y1GxpKJMdZ.jpg</thumbnail>
  </dir>

  <dir>
    <title>[B][COLORwhite]Halle Berry[/COLOR][/B]</title>
    <trakt>https://api.trakt.tv/people/Halle-Berry/movies</trakt>
    <thumbnail>http://image.tmdb.org/t/p/original/w7HRZh4UhimZO2F6GywkYhjgAX3.jpg</thumbnail>
  </dir>

  <dir>
    <title>[B][COLORwhite]Helen Mirren[/COLOR][/B]</title>
    <trakt>https://api.trakt.tv/people/Helen-Mirren/movies</trakt>
    <thumbnail>http://image.tmdb.org/t/p/original/4EGgBJPUBz68ZrnFuLVo01r0uND.jpg</thumbnail>
  </dir>

  <dir>
    <title>[B][COLORwhite]Jennifer Aniston[/COLOR][/B]</title>
    <trakt>https://api.trakt.tv/people/Jennifer-Aniston/movies</trakt>
    <thumbnail>http://image.tmdb.org/t/p/original/uH9FwXtRpiboKeqHUk0RuJRAm6I.jpg</thumbnail>
  </dir>

  <dir>
    <title>[B][COLORwhite]Jennifer Lawrence[/COLOR][/B]</title>
    <trakt>https://api.trakt.tv/people/Jennifer-Lawrence/movies</trakt>
    <thumbnail>http://image.tmdb.org/t/p/original/tJnYgQkRg6Zizt4kE2yP1lfxt1F.jpg</thumbnail>
  </dir>

  <dir>
    <title>[B][COLORwhite]Jessica Alba[/COLOR][/B]</title>
    <trakt>https://api.trakt.tv/people/Jessica-Alba/movies</trakt>
    <thumbnail>http://image.tmdb.org/t/p/original/yMiHrSyrv5u8qwfi3T8EuI4VPFk.jpg</thumbnail>
  </dir>

  <dir>
    <title>[B][COLORwhite]Jessica Biel[/COLOR][/B]</title>
    <trakt>https://api.trakt.tv/people/Jessica-Biel/movies</trakt>
    <thumbnail>http://image.tmdb.org/t/p/original/ldPnPw2Kx7ySUoDB9w8n7fOZqAb.jpg</thumbnail>
  </dir>

  <dir>
    <title>[B][COLORwhite]Jessica Chastain[/COLOR][/B]</title>
    <trakt>https://api.trakt.tv/people/Jessica-Chastain/movies</trakt>
    <thumbnail>http://image.tmdb.org/t/p/original/eyv98YlnRuOOUNCD1U6w2yZDRA2.jpg</thumbnail>
  </dir>

  <dir>
    <title>[B][COLORwhite]Jodie Foster[/COLOR][/B]</title>
    <trakt>https://api.trakt.tv/people/Jodie-Foster/movies</trakt>
    <thumbnail>http://image.tmdb.org/t/p/original/eAIE6bnOQ8rm0f933gyeAQdIwrP.jpg</thumbnail>
  </dir>

  <dir>
    <title>[B][COLORwhite]Judy Loe[/COLOR][/B]</title>
    <trakt>https://api.trakt.tv/people/Judy-Loe/movies</trakt>
    <thumbnail>https://encrypted-tbn0.gstatic.com/images?q=tbn:ANd9GcQntk4GT7defDeGogYi8oj1FGw_IMyGzos6OMr0Dno55GDGhAat</thumbnail>
  </dir>

  <dir>
    <title>[B][COLORwhite]Julia Roberts[/COLOR][/B]</title>
    <trakt>https://api.trakt.tv/people/Julia-Roberts/movies</trakt>
    <thumbnail>http://image.tmdb.org/t/p/original/yzaIyUEKHSnEYDwltXs8gpF4SVC.jpg</thumbnail>
  </dir>

  <dir>
    <title>[B][COLORwhite]Julianne Moore[/COLOR][/B]</title>
    <trakt>https://api.trakt.tv/people/Julianne-Moore/movies</trakt>
    <thumbnail>http://image.tmdb.org/t/p/original/7ejshnxd1WLaJCVjOgZG4So75mi.jpg</thumbnail>
  </dir>

  <dir>
    <title>[B][COLORwhite]Kate Beckinsale[/COLOR][/B]</title>
    <trakt>https://api.trakt.tv/people/Kate-Beckinsale/movies</trakt>
    <thumbnail>http://image.tmdb.org/t/p/original/pTRtcZn9gWQZRiet36qWKh94urn.jpg</thumbnail>
  </dir>

  <dir>
    <title>[B][COLORwhite]Kate Winslet[/COLOR][/B]</title>
    <trakt>https://api.trakt.tv/people/Kate-Winslet/movies</trakt>
    <thumbnail>http://image.tmdb.org/t/p/original/w8wjPbS24vPErNeYhAvtbyAUBMd.jpg</thumbnail>
  </dir>

  <dir>
    <title>[B][COLORwhite]Katharine Hepburn[/COLOR][/B]</title>
    <trakt>https://api.trakt.tv/people/Katharine-Hepburn/movies</trakt>
    <thumbnail>http://image.tmdb.org/t/p/original/ieGNYekIGc5R16cYmIzzyo59Lfz.jpg</thumbnail>
  </dir>

  <dir>
    <title>[B][COLORwhite]Kathy Bates[/COLOR][/B]</title>
    <trakt>https://api.trakt.tv/people/Kathy-Bates/movies</trakt>
    <thumbnail>http://image.tmdb.org/t/p/original/yik6ccz1O2JelLJn3Fsx3EA8s1o.jpg</thumbnail>
  </dir>

  <dir>
    <title>[B][COLORwhite]Keira Knightley[/COLOR][/B]</title>
    <trakt>https://api.trakt.tv/people/Emma-Stone/movies</trakt>
    <thumbnail>http://image.tmdb.org/t/p/original/yPuSzncAAPgPI8ut6MqGGXTBGpH.jpg</thumbnail>
  </dir>

  <dir>
    <title>[B][COLORwhite]Kim Kardashian[/COLOR][/B]</title>
    <trakt>https://api.trakt.tv/people/Kim-Kardashian/movies</trakt>
    <thumbnail>https://upload.wikimedia.org/wikipedia/commons/thumb/d/df/Kim_Kardashian_West_2014.jpg/1200px-Kim_Kardashian_West_2014.jpg</thumbnail>
  </dir>

  <dir>
    <title>[B][COLORwhite]Marilyn Monroe[/COLOR][/B]</title>
    <trakt>https://api.trakt.tv/people/Marilyn-Monroe/movies</trakt>
    <thumbnail>http://image.tmdb.org/t/p/original/12djXHYsa1fc9tZK0b9BfxaA6CP.jpg</thumbnail>
  </dir>

  <dir>
    <title>[B][COLORwhite]Megan Fox[/COLOR][/B]</title>
    <trakt>https://api.trakt.tv/people/Megan-Fox/movies</trakt>
    <thumbnail>http://image.tmdb.org/t/p/original/weuJ2IvaMA30QWmy4JLLEjFPBvo.jpg</thumbnail>
  </dir>

  <dir>
    <title>[B][COLORwhite]Melanie Sloan[/COLOR][/B]</title>
    <trakt>https://api.trakt.tv/people/Melanie-Sloan/movies</trakt>
    <thumbnail>http://images.politico.com/global/arena/100812_sloan_376.jpg</thumbnail>
  </dir>

  <dir>
    <title>[B][COLORwhite]Meryl Streep[/COLOR][/B]</title>
    <trakt>https://api.trakt.tv/people/Meryl-Streep/movies</trakt>
    <thumbnail>http://image.tmdb.org/t/p/original/oTJj6bLpbmseLww03MOn0eDqYuh.jpg</thumbnail>
  </dir>

  <dir>
    <title>[B][COLORwhite]Mila Kunis[/COLOR][/B]</title>
    <trakt>https://api.trakt.tv/people/Mila-Kunis/movies</trakt>
    <thumbnail>http://image.tmdb.org/t/p/original/61aNUUcOQyDdLGOS7CYa0TAhpry.jpg</thumbnail>
  </dir>

  <dir>
    <title>[B][COLORwhite]Naomi Watts[/COLOR][/B]</title>
    <trakt>https://api.trakt.tv/people/Naomi-Watts/movies</trakt>
    <thumbnail>http://image.tmdb.org/t/p/original/8W02WOJI1pEGh2iqQsgITR5tV0P.jpg</thumbnail>
  </dir>

  <dir>
    <title>[B][COLORwhite]Natalie Portman[/COLOR][/B]</title>
    <trakt>https://api.trakt.tv/people/Natalie-Portman/movies</trakt>
    <thumbnail>http://image.tmdb.org/t/p/original/jJcRWku3e9OHrmRqytn6WcBjhvh.jpg</thumbnail>
  </dir>

  <dir>
    <title>[B][COLORwhite]Nicole Kidman[/COLOR][/B]</title>
    <trakt>https://api.trakt.tv/people/Nicole-Kidman/movies</trakt>
    <thumbnail>http://image.tmdb.org/t/p/original/1ammEgq5D6qw5mM4WkgUmnxQ7Uy.jpg</thumbnail>
  </dir>

  <dir>
    <title>[B][COLORwhite]Olivia Wilde[/COLOR][/B]</title>
    <trakt>https://api.trakt.tv/people/Olivia-Wilde/movies</trakt>
    <thumbnail>http://image.tmdb.org/t/p/original/3d69fgT1QOTDJxqy7FpBBAQxoM0.jpg</thumbnail>
  </dir>

  <dir>
    <title>[B][COLORwhite]Penélope Cruz[/COLOR][/B]</title>
    <trakt>https://api.trakt.tv/people/Penélope-Cruz/movies</trakt>
    <thumbnail>https://beautyeditor.ca/.image/t_share/MTIzNjEzMTg5OTg4MTg5NzEw/penelope-cruz-the-counselor-london-premiere-2013.jpg</thumbnail>
  </dir>

  <dir>
    <title>[B][COLORwhite]Rachel McAdams[/COLOR][/B]</title>
    <trakt>https://api.trakt.tv/people/Rachel-McAdams/movies</trakt>
    <thumbnail>http://image.tmdb.org/t/p/original/c60WxtQceDxOp7sd2iWhOqn5Y2l.jpg</thumbnail>
  </dir>

  <dir>
    <title>[B][COLORwhite]Reese Witherspoon[/COLOR][/B]</title>
    <trakt>https://api.trakt.tv/people/Reese-Witherspoon/movies</trakt>
    <thumbnail>http://image.tmdb.org/t/p/original/a3o8T1P6yy4KWL7wZG6HuDeuh5n.jpg</thumbnail>
  </dir>

  <dir>
    <title>[B][COLORwhite]Sally Field[/COLOR][/B]</title>
    <trakt>https://api.trakt.tv/people/Sally-Field/movies</trakt>
    <thumbnail>http://image.tmdb.org/t/p/original/ymhpsxujOO3a9qaGYSpkenCt9Le.jpg</thumbnail>
  </dir>

  <dir>
    <title>[B][COLORwhite]Sandra Bullock[/COLOR][/B]</title>
    <trakt>https://api.trakt.tv/people/Sandra-Bullock/movies</trakt>
    <thumbnail>http://image.tmdb.org/t/p/original/bsAy8f8UZKairXQzRukU5FP4XAQ.jpg</thumbnail>
  </dir>

  <dir>
    <title>[B][COLORwhite]Scarlett Johansson[/COLOR][/B]</title>
    <trakt>https://api.trakt.tv/people/Scarlett-Johansson/movies</trakt>
    <thumbnail>http://image.tmdb.org/t/p/original/8EueDe6rPF0jQU4LSpsH2Rmrqac.jpg</thumbnail>
  </dir>

  <dir>
    <title>[B][COLORwhite]Sharman Macdonald[/COLOR][/B]</title>
    <trakt>https://api.trakt.tv/people/Sharman-Macdonald/movies</trakt>
    <thumbnail>http://www.unitedagents.co.uk/sites/default/files/thumbnails/image/Sharman%20Macdonald.jpg</thumbnail>
  </dir>

  <dir>
    <title>[B][COLORwhite]Sofía Vergara[/COLOR][/B]</title>
    <trakt>https://api.trakt.tv/people/Sofía-Vergara/movies</trakt>
    <thumbnail>http://www4.pictures.zimbio.com/gi/Yahoo+News+ABCNews+Pre+White+House+Correspondents+oPJwxHNEXhqx.jpg</thumbnail>
  </dir>

  <dir>
    <title>[B][COLORwhite]Susan Sarandon[/COLOR][/B]</title>
    <trakt>https://api.trakt.tv/people/Susan Sarandon/movies</trakt>
    <thumbnail>http://image.tmdb.org/t/p/original/rjK7SERcPfwnRtPtOwH6EcvdWX4.jpg</thumbnail>
  </dir>

  <dir>
    <title>[B][COLORwhite]Vanessa Johansson[/COLOR][/B]</title>
    <trakt>https://api.trakt.tv/people/Vanessa-Johansson/movies</trakt>
    <thumbnail>https://images-na.ssl-images-amazon.com/images/M/MV5BMTkyMTcyMzE3M15BMl5BanBnXkFtZTcwNzU1OTY4OQ@@._V1_UY317_CR131,0,214,317_AL_.jpg</thumbnail>
  </dir>

  <dir>
    <title>[B][COLORwhite]Viola Davis[/COLOR][/B]</title>
    <trakt>https://api.trakt.tv/people/Viola-Davis/movies</trakt>
    <thumbnail>http://image.tmdb.org/t/p/original/fZDYv4yIUOvnELoKzXpIWx8YNlq.jpg</thumbnail>
  </dir>
</xml>