  <dir>
    <title>1890-1899</title>
    <link>file://shared lists/movies-1890-1899.xml</link>
    <summary>Browse movies released in the 1890s</summary>
    <thumbnail>https://raw.githubusercontent.com/OpenELEQ/repository.elysium/master/images/Default/1890-1899.png</thumbnail>
  </dir>

  <dir>
    <title>1880-1889</title>
    <link>file://shared lists/movies-1880-1889.xml</link>
    <summary>Browse movies released in the 1880s</summary>
    <thumbnail>https://raw.githubusercontent.com/OpenELEQ/repository.elysium/master/images/Default/1880-1889.png</thumbnail>
  </dir>

  <dir>
    <title>1874-1879</title>
    <link>file://shared lists/movies-1874-1879.xml</link>
    <summary>Browse movies released in the 1870s</summary>
    <thumbnail>https://raw.githubusercontent.com/OpenELEQ/repository.elysium/master/images/Default/1874-1879.png</thumbnail>
  </dir>

  <dir>
    <title>1899</title>
    <tmdb>year/movies/1899</tmdb>
    <summary>Browse movies released in 1899</summary>
    <thumbnail>https://raw.githubusercontent.com/OpenELEQ/repository.elysium/master/images/Default/1899.png</thumbnail>
  </dir>

  <dir>
    <title>1898</title>
    <tmdb>year/movies/1898</tmdb>
    <summary>Browse movies released in 1898</summary>
    <thumbnail>https://raw.githubusercontent.com/OpenELEQ/repository.elysium/master/images/Default/1898.png</thumbnail>
  </dir>

  <dir>
    <title>1897</title>
    <tmdb>year/movies/1897</tmdb>
    <summary>Browse movies released in 1897</summary>
    <thumbnail>https://raw.githubusercontent.com/OpenELEQ/repository.elysium/master/images/Default/1897.png</thumbnail>
  </dir>

  <dir>
    <title>1896</title>
    <tmdb>year/movies/1896</tmdb>
    <summary>Browse movies released in 1896</summary>
    <thumbnail>https://raw.githubusercontent.com/OpenELEQ/repository.elysium/master/images/Default/1896.png</thumbnail>
  </dir>

  <dir>
    <title>1895</title>
    <tmdb>year/movies/1895</tmdb>
    <summary>Browse movies released in 1895</summary>
    <thumbnail>https://raw.githubusercontent.com/OpenELEQ/repository.elysium/master/images/Default/1895.png</thumbnail>
  </dir>

  <dir>
    <title>1894</title>
    <tmdb>year/movies/1894</tmdb>
    <summary>Browse movies released in 1894</summary>
    <thumbnail>https://raw.githubusercontent.com/OpenELEQ/repository.elysium/master/images/Default/1894.png</thumbnail>
  </dir>

  <dir>
    <title>1893</title>
    <tmdb>year/movies/1893</tmdb>
    <summary>Browse movies released in 1893</summary>
    <thumbnail>https://raw.githubusercontent.com/OpenELEQ/repository.elysium/master/images/Default/1893.png</thumbnail>
  </dir>

  <dir>
    <title>1892</title>
    <tmdb>year/movies/1892</tmdb>
    <summary>Browse movies released in 1892</summary>
    <thumbnail>https://raw.githubusercontent.com/OpenELEQ/repository.elysium/master/images/Default/1892.png</thumbnail>
  </dir>

  <dir>
    <title>1891</title>
    <tmdb>year/movies/1891</tmdb>
    <summary>Browse movies released in 1891</summary>
    <thumbnail>https://raw.githubusercontent.com/OpenELEQ/repository.elysium/master/images/Default/1891.png</thumbnail>
  </dir>

  <dir>
    <title>1890</title>
    <tmdb>year/movies/1890</tmdb>
    <summary>Browse movies released in 1890</summary>
    <thumbnail>https://raw.githubusercontent.com/OpenELEQ/repository.elysium/master/images/Default/1890.png</thumbnail>
  </dir>

  <dir>
    <title>1889</title>
    <tmdb>year/movies/1889</tmdb>
    <summary>Browse movies released in 1889</summary>
    <thumbnail>https://raw.githubusercontent.com/OpenELEQ/repository.elysium/master/images/Default/1889.png</thumbnail>
  </dir>

  <dir>
    <title>1888</title>
    <tmdb>year/movies/1888</tmdb>
    <summary>Browse movies released in 1888</summary>
    <thumbnail>https://raw.githubusercontent.com/OpenELEQ/repository.elysium/master/images/Default/1888.png</thumbnail>
  </dir>

  <dir>
    <title>1887</title>
    <tmdb>year/movies/1887</tmdb>
    <summary>Browse movies released in 1887</summary>
    <thumbnail>https://raw.githubusercontent.com/OpenELEQ/repository.elysium/master/images/Default/1887.png</thumbnail>
  </dir>

  <dir>
    <title>1884</title>
    <tmdb>year/movies/1884</tmdb>
    <summary>Browse movies released in 1884</summary>
    <thumbnail>https://raw.githubusercontent.com/OpenELEQ/repository.elysium/master/images/Default/1884.png</thumbnail>
  </dir>

  <dir>
    <title>1883</title>
    <tmdb>year/movies/1883</tmdb>
    <summary>Browse movies released in 1883</summary>
    <thumbnail>https://raw.githubusercontent.com/OpenELEQ/repository.elysium/master/images/Default/1883.png</thumbnail>
  </dir>

  <dir>
    <title>1878</title>
    <tmdb>year/movies/1878</tmdb>
    <summary>Browse movies released in 1878</summary>
    <thumbnail>https://raw.githubusercontent.com/OpenELEQ/repository.elysium/master/images/Default/1878.png</thumbnail>
  </dir>

  <dir>
    <title>1874</title>
    <tmdb>year/movies/1874</tmdb>
    <summary>Browse movies released in 1874</summary>
    <thumbnail>https://raw.githubusercontent.com/OpenELEQ/repository.elysium/master/images/Default/1874.png</thumbnail>
  </dir>