  <dir>
    <title>1889</title>
    <tmdb>year/movies/1889</tmdb>
    <summary>Browse movies released in 1889</summary>
    <thumbnail>https://raw.githubusercontent.com/OpenELEQ/repository.elysium/master/images/Default/1889.png</thumbnail>
  </dir>

  <dir>
    <title>1888</title>
    <tmdb>year/movies/1888</tmdb>
    <summary>Browse movies released in 1888</summary>
    <thumbnail>https://raw.githubusercontent.com/OpenELEQ/repository.elysium/master/images/Default/1888.png</thumbnail>
  </dir>

  <dir>
    <title>1887</title>
    <tmdb>year/movies/1887</tmdb>
    <summary>Browse movies released in 1887</summary>
    <thumbnail>https://raw.githubusercontent.com/OpenELEQ/repository.elysium/master/images/Default/1887.png</thumbnail>
  </dir>

  <dir>
    <title>1884</title>
    <tmdb>year/movies/1884</tmdb>
    <summary>Browse movies released in 1884</summary>
    <thumbnail>https://raw.githubusercontent.com/OpenELEQ/repository.elysium/master/images/Default/1884.png</thumbnail>
  </dir>

  <dir>
    <title>1883</title>
    <tmdb>year/movies/1883</tmdb>
    <summary>Browse movies released in 1883</summary>
    <thumbnail>https://raw.githubusercontent.com/OpenELEQ/repository.elysium/master/images/Default/1883.png</thumbnail>
  </dir>