  <dir>
    <title>1939</title>
    <tmdb>year/movies/1939</tmdb>
    <summary>Browse movies released in 1939</summary>
    <thumbnail>https://raw.githubusercontent.com/OpenELEQ/repository.elysium/master/images/Default/1939.png</thumbnail>
  </dir>

  <dir>
    <title>1938</title>
    <tmdb>year/movies/1938</tmdb>
    <summary>Browse movies released in 1938</summary>
    <thumbnail>https://raw.githubusercontent.com/OpenELEQ/repository.elysium/master/images/Default/1938.png</thumbnail>
  </dir>

  <dir>
    <title>1937</title>
    <tmdb>year/movies/1937</tmdb>
    <summary>Browse movies released in 1937</summary>
    <thumbnail>https://raw.githubusercontent.com/OpenELEQ/repository.elysium/master/images/Default/1937.png</thumbnail>
  </dir>

  <dir>
    <title>1936</title>
    <tmdb>year/movies/1936</tmdb>
    <summary>Browse movies released in 1936</summary>
    <thumbnail>https://raw.githubusercontent.com/OpenELEQ/repository.elysium/master/images/Default/1936.png</thumbnail>
  </dir>

  <dir>
    <title>1935</title>
    <tmdb>year/movies/1935</tmdb>
    <summary>Browse movies released in 1935</summary>
    <thumbnail>https://raw.githubusercontent.com/OpenELEQ/repository.elysium/master/images/Default/1935.png</thumbnail>
  </dir>

  <dir>
    <title>1934</title>
    <tmdb>year/movies/1934</tmdb>
    <summary>Browse movies released in 1934</summary>
    <thumbnail>https://raw.githubusercontent.com/OpenELEQ/repository.elysium/master/images/Default/1934.png</thumbnail>
  </dir>

  <dir>
    <title>1933</title>
    <tmdb>year/movies/1933</tmdb>
    <summary>Browse movies released in 1933</summary>
    <thumbnail>https://raw.githubusercontent.com/OpenELEQ/repository.elysium/master/images/Default/1933.png</thumbnail>
  </dir>

  <dir>
    <title>1932</title>
    <tmdb>year/movies/1932</tmdb>
    <summary>Browse movies released in 1932</summary>
    <thumbnail>https://raw.githubusercontent.com/OpenELEQ/repository.elysium/master/images/Default/1932.png</thumbnail>
  </dir>

  <dir>
    <title>1931</title>
    <tmdb>year/movies/1931</tmdb>
    <summary>Browse movies released in 1931</summary>
    <thumbnail>https://raw.githubusercontent.com/OpenELEQ/repository.elysium/master/images/Default/1931.png</thumbnail>
  </dir>

  <dir>
    <title>1930</title>
    <tmdb>year/movies/1930</tmdb>
    <summary>Browse movies released in 1930</summary>
    <thumbnail>https://raw.githubusercontent.com/OpenELEQ/repository.elysium/master/images/Default/1930.png</thumbnail>
  </dir>