  <dir>
    <title>1990-1999</title>
    <link>file://shared lists/movies-1990-1999.xml</link>
    <summary>Browse movies released in the 1990s</summary>
    <thumbnail>https://raw.githubusercontent.com/OpenELEQ/repository.elysium/master/images/Default/1990-1999.png</thumbnail>
  </dir>

  <dir>
    <title>1980-1989</title>
    <link>file://shared lists/movies-1980-1989.xml</link>
    <summary>Browse movies released in the 1980s</summary>
    <thumbnail>https://raw.githubusercontent.com/OpenELEQ/repository.elysium/master/images/Default/1980-1989.png</thumbnail>
  </dir>

  <dir>
    <title>1970-1979</title>
    <link>file://shared lists/movies-1970-1979.xml</link>
    <summary>Browse movies released in the 1970s</summary>
    <thumbnail>https://raw.githubusercontent.com/OpenELEQ/repository.elysium/master/images/Default/1970-1979.png</thumbnail>
  </dir>

  <dir>
    <title>1960-1969</title>
    <link>file://shared lists/movies-1960-1969.xml</link>
    <summary>Browse movies released in the 1960s</summary>
    <thumbnail>https://raw.githubusercontent.com/OpenELEQ/repository.elysium/master/images/Default/1960-1969.png</thumbnail>
  </dir>

  <dir>
    <title>1950-1959</title>
    <link>file://shared lists/movies-1950-1959.xml</link>
    <summary>Browse movies released in the 1950s</summary>
    <thumbnail>https://raw.githubusercontent.com/OpenELEQ/repository.elysium/master/images/Default/1950-1959.png</thumbnail>
  </dir>

  <dir>
    <title>1940-1949</title>
    <link>file://shared lists/movies-1940-1949.xml</link>
    <summary>Browse movies released in the 1940s</summary>
    <thumbnail>https://raw.githubusercontent.com/OpenELEQ/repository.elysium/master/images/Default/1940-1949.png</thumbnail>
  </dir>

  <dir>
    <title>1930-1939</title>
    <link>file://shared lists/movies-1930-1939.xml</link>
    <summary>Browse movies released in the 1930s</summary>
    <thumbnail>https://raw.githubusercontent.com/OpenELEQ/repository.elysium/master/images/Default/1930-1939.png</thumbnail>
  </dir>

  <dir>
    <title>1920-1929</title>
    <link>file://shared lists/movies-1920-1929.xml</link>
    <summary>Browse movies released in the 1920s</summary>
    <thumbnail>https://raw.githubusercontent.com/OpenELEQ/repository.elysium/master/images/Default/1920-1929.png</thumbnail>
  </dir>

  <dir>
    <title>1910-1919</title>
    <link>file://shared lists/movies-1910-1919.xml</link>
    <summary>Browse movies released in the 1910s</summary>
    <thumbnail>https://raw.githubusercontent.com/OpenELEQ/repository.elysium/master/images/Default/1910-1919.png</thumbnail>
  </dir>

  <dir>
    <title>1900-1909</title>
    <link>file://shared lists/movies-1900-1909.xml</link>
    <summary>Browse movies released in the 1900s</summary>
    <thumbnail>https://raw.githubusercontent.com/OpenELEQ/repository.elysium/master/images/Default/1900-1909.png</thumbnail>
  </dir>
  <dir>
    <title>1999</title>
    <tmdb>year/movies/1999</tmdb>
    <summary>Browse movies released in 1999</summary>
    <thumbnail>https://raw.githubusercontent.com/OpenELEQ/repository.elysium/master/images/Default/1999.png</thumbnail>
  </dir>

  <dir>
    <title>1998</title>
    <tmdb>year/movies/1998</tmdb>
    <summary>Browse movies released in 1998</summary>
    <thumbnail>https://raw.githubusercontent.com/OpenELEQ/repository.elysium/master/images/Default/1998.png</thumbnail>
  </dir>

  <dir>
    <title>1997</title>
    <tmdb>year/movies/1997</tmdb>
    <summary>Browse movies released in 1997</summary>
    <thumbnail>https://raw.githubusercontent.com/OpenELEQ/repository.elysium/master/images/Default/1997.png</thumbnail>
  </dir>

  <dir>
    <title>1996</title>
    <tmdb>year/movies/1996</tmdb>
    <summary>Browse movies released in 1996</summary>
    <thumbnail>https://raw.githubusercontent.com/OpenELEQ/repository.elysium/master/images/Default/1996.png</thumbnail>
  </dir>

  <dir>
    <title>1995</title>
    <tmdb>year/movies/1995</tmdb>
    <summary>Browse movies released in 1995</summary>
    <thumbnail>https://raw.githubusercontent.com/OpenELEQ/repository.elysium/master/images/Default/1995.png</thumbnail>
  </dir>

  <dir>
    <title>1994</title>
    <tmdb>year/movies/1994</tmdb>
    <summary>Browse movies released in 1994</summary>
    <thumbnail>https://raw.githubusercontent.com/OpenELEQ/repository.elysium/master/images/Default/1994.png</thumbnail>
  </dir>

  <dir>
    <title>1993</title>
    <tmdb>year/movies/1993</tmdb>
    <summary>Browse movies released in 1993</summary>
    <thumbnail>https://raw.githubusercontent.com/OpenELEQ/repository.elysium/master/images/Default/1993.png</thumbnail>
  </dir>

  <dir>
    <title>1992</title>
    <tmdb>year/movies/1992</tmdb>
    <summary>Browse movies released in 1992</summary>
    <thumbnail>https://raw.githubusercontent.com/OpenELEQ/repository.elysium/master/images/Default/1992.png</thumbnail>
  </dir>

  <dir>
    <title>1991</title>
    <tmdb>year/movies/1991</tmdb>
    <summary>Browse movies released in 1991</summary>
    <thumbnail>https://raw.githubusercontent.com/OpenELEQ/repository.elysium/master/images/Default/1991.png</thumbnail>
  </dir>

  <dir>
    <title>1990</title>
    <tmdb>year/movies/1990</tmdb>
    <summary>Browse movies released in 1990</summary>
    <thumbnail>https://raw.githubusercontent.com/OpenELEQ/repository.elysium/master/images/Default/1990.png</thumbnail>
  </dir>

  <dir>
    <title>1989</title>
    <tmdb>year/movies/1989</tmdb>
    <summary>Browse movies released in 1989</summary>
    <thumbnail>https://raw.githubusercontent.com/OpenELEQ/repository.elysium/master/images/Default/1989.png</thumbnail>
  </dir>

  <dir>
    <title>1988</title>
    <tmdb>year/movies/1988</tmdb>
    <summary>Browse movies released in 1988</summary>
    <thumbnail>https://raw.githubusercontent.com/OpenELEQ/repository.elysium/master/images/Default/1988.png</thumbnail>
  </dir>

  <dir>
    <title>1987</title>
    <tmdb>year/movies/1987</tmdb>
    <summary>Browse movies released in 1987</summary>
    <thumbnail>https://raw.githubusercontent.com/OpenELEQ/repository.elysium/master/images/Default/1987.png</thumbnail>
  </dir>

  <dir>
    <title>1986</title>
    <tmdb>year/movies/1986</tmdb>
    <summary>Browse movies released in 1986</summary>
    <thumbnail>https://raw.githubusercontent.com/OpenELEQ/repository.elysium/master/images/Default/1986.png</thumbnail>
  </dir>

  <dir>
    <title>1985</title>
    <tmdb>year/movies/1985</tmdb>
    <summary>Browse movies released in 1985</summary>
    <thumbnail>https://raw.githubusercontent.com/OpenELEQ/repository.elysium/master/images/Default/1985.png</thumbnail>
  </dir>

  <dir>
    <title>1984</title>
    <tmdb>year/movies/1984</tmdb>
    <summary>Browse movies released in 1984</summary>
    <thumbnail>https://raw.githubusercontent.com/OpenELEQ/repository.elysium/master/images/Default/1984.png</thumbnail>
  </dir>

  <dir>
    <title>1983</title>
    <tmdb>year/movies/1983</tmdb>
    <summary>Browse movies released in 1983</summary>
    <thumbnail>https://raw.githubusercontent.com/OpenELEQ/repository.elysium/master/images/Default/1983.png</thumbnail>
  </dir>

  <dir>
    <title>1982</title>
    <tmdb>year/movies/1982</tmdb>
    <summary>Browse movies released in 1982</summary>
    <thumbnail>https://raw.githubusercontent.com/OpenELEQ/repository.elysium/master/images/Default/1982.png</thumbnail>
  </dir>

  <dir>
    <title>1981</title>
    <tmdb>year/movies/1981</tmdb>
    <summary>Browse movies released in 1981</summary>
    <thumbnail>https://raw.githubusercontent.com/OpenELEQ/repository.elysium/master/images/Default/1981.png</thumbnail>
  </dir>

  <dir>
    <title>1980</title>
    <tmdb>year/movies/1980</tmdb>
    <summary>Browse movies released in 1980</summary>
    <thumbnail>https://raw.githubusercontent.com/OpenELEQ/repository.elysium/master/images/Default/1980.png</thumbnail>
  </dir>

  <dir>
    <title>1979</title>
    <tmdb>year/movies/1979</tmdb>
    <summary>Browse movies released in 1979</summary>
    <thumbnail>https://raw.githubusercontent.com/OpenELEQ/repository.elysium/master/images/Default/1979.png</thumbnail>
  </dir>

  <dir>
    <title>1978</title>
    <tmdb>year/movies/1978</tmdb>
    <summary>Browse movies released in 1978</summary>
    <thumbnail>https://raw.githubusercontent.com/OpenELEQ/repository.elysium/master/images/Default/1978.png</thumbnail>
  </dir>

  <dir>
    <title>1977</title>
    <tmdb>year/movies/1977</tmdb>
    <summary>Browse movies released in 1977</summary>
    <thumbnail>https://raw.githubusercontent.com/OpenELEQ/repository.elysium/master/images/Default/1977.png</thumbnail>
  </dir>

  <dir>
    <title>1976</title>
    <tmdb>year/movies/1976</tmdb>
    <summary>Browse movies released in 1976</summary>
    <thumbnail>https://raw.githubusercontent.com/OpenELEQ/repository.elysium/master/images/Default/1976.png</thumbnail>
  </dir>

  <dir>
    <title>1975</title>
    <tmdb>year/movies/1975</tmdb>
    <summary>Browse movies released in 1975</summary>
    <thumbnail>https://raw.githubusercontent.com/OpenELEQ/repository.elysium/master/images/Default/1975.png</thumbnail>
  </dir>

  <dir>
    <title>1974</title>
    <tmdb>year/movies/1974</tmdb>
    <summary>Browse movies released in 1974</summary>
    <thumbnail>https://raw.githubusercontent.com/OpenELEQ/repository.elysium/master/images/Default/1974.png</thumbnail>
  </dir>

  <dir>
    <title>1973</title>
    <tmdb>year/movies/1973</tmdb>
    <summary>Browse movies released in 1973</summary>
    <thumbnail>https://raw.githubusercontent.com/OpenELEQ/repository.elysium/master/images/Default/1973.png</thumbnail>
  </dir>

  <dir>
    <title>1972</title>
    <tmdb>year/movies/1972</tmdb>
    <summary>Browse movies released in 1972</summary>
    <thumbnail>https://raw.githubusercontent.com/OpenELEQ/repository.elysium/master/images/Default/1972.png</thumbnail>
  </dir>

  <dir>
    <title>1971</title>
    <tmdb>year/movies/1971</tmdb>
    <summary>Browse movies released in 1971</summary>
    <thumbnail>https://raw.githubusercontent.com/OpenELEQ/repository.elysium/master/images/Default/1971.png</thumbnail>
  </dir>

  <dir>
    <title>1970</title>
    <tmdb>year/movies/1970</tmdb>
    <summary>Browse movies released in 1970</summary>
    <thumbnail>https://raw.githubusercontent.com/OpenELEQ/repository.elysium/master/images/Default/1970.png</thumbnail>
  </dir>

  <dir>
    <title>1969</title>
    <tmdb>year/movies/1969</tmdb>
    <summary>Browse movies released in 1969</summary>
    <thumbnail>https://raw.githubusercontent.com/OpenELEQ/repository.elysium/master/images/Default/1969.png</thumbnail>
  </dir>

  <dir>
    <title>1968</title>
    <tmdb>year/movies/1968</tmdb>
    <summary>Browse movies released in 1968</summary>
    <thumbnail>https://raw.githubusercontent.com/OpenELEQ/repository.elysium/master/images/Default/1968.png</thumbnail>
  </dir>

  <dir>
    <title>1967</title>
    <tmdb>year/movies/1967</tmdb>
    <summary>Browse movies released in 1967</summary>
    <thumbnail>https://raw.githubusercontent.com/OpenELEQ/repository.elysium/master/images/Default/1967.png</thumbnail>
  </dir>

  <dir>
    <title>1966</title>
    <tmdb>year/movies/1966</tmdb>
    <summary>Browse movies released in 1966</summary>
    <thumbnail>https://raw.githubusercontent.com/OpenELEQ/repository.elysium/master/images/Default/1966.png</thumbnail>
  </dir>

  <dir>
    <title>1965</title>
    <tmdb>year/movies/1965</tmdb>
    <summary>Browse movies released in 1965</summary>
    <thumbnail>https://raw.githubusercontent.com/OpenELEQ/repository.elysium/master/images/Default/1965.png</thumbnail>
  </dir>

  <dir>
    <title>1964</title>
    <tmdb>year/movies/1964</tmdb>
    <summary>Browse movies released in 1964</summary>
    <thumbnail>https://raw.githubusercontent.com/OpenELEQ/repository.elysium/master/images/Default/1964.png</thumbnail>
  </dir>

  <dir>
    <title>1963</title>
    <tmdb>year/movies/1963</tmdb>
    <summary>Browse movies released in 1963</summary>
    <thumbnail>https://raw.githubusercontent.com/OpenELEQ/repository.elysium/master/images/Default/1963.png</thumbnail>
  </dir>

  <dir>
    <title>1962</title>
    <tmdb>year/movies/1962</tmdb>
    <summary>Browse movies released in 1962</summary>
    <thumbnail>https://raw.githubusercontent.com/OpenELEQ/repository.elysium/master/images/Default/1962.png</thumbnail>
  </dir>

  <dir>
    <title>1961</title>
    <tmdb>year/movies/1961</tmdb>
    <summary>Browse movies released in 1961</summary>
    <thumbnail>https://raw.githubusercontent.com/OpenELEQ/repository.elysium/master/images/Default/1961.png</thumbnail>
  </dir>

  <dir>
    <title>1960</title>
    <tmdb>year/movies/1960</tmdb>
    <summary>Browse movies released in 1960</summary>
    <thumbnail>https://raw.githubusercontent.com/OpenELEQ/repository.elysium/master/images/Default/1960.png</thumbnail>
  </dir>

  <dir>
    <title>1959</title>
    <tmdb>year/movies/1959</tmdb>
    <summary>Browse movies released in 1959</summary>
    <thumbnail>https://raw.githubusercontent.com/OpenELEQ/repository.elysium/master/images/Default/1959.png</thumbnail>
  </dir>

  <dir>
    <title>1958</title>
    <tmdb>year/movies/1958</tmdb>
    <summary>Browse movies released in 1958</summary>
    <thumbnail>https://raw.githubusercontent.com/OpenELEQ/repository.elysium/master/images/Default/1958.png</thumbnail>
  </dir>

  <dir>
    <title>1957</title>
    <tmdb>year/movies/1957</tmdb>
    <summary>Browse movies released in 1957</summary>
    <thumbnail>https://raw.githubusercontent.com/OpenELEQ/repository.elysium/master/images/Default/1957.png</thumbnail>
  </dir>

  <dir>
    <title>1956</title>
    <tmdb>year/movies/1956</tmdb>
    <summary>Browse movies released in 1956</summary>
    <thumbnail>https://raw.githubusercontent.com/OpenELEQ/repository.elysium/master/images/Default/1956.png</thumbnail>
  </dir>

  <dir>
    <title>1955</title>
    <tmdb>year/movies/1955</tmdb>
    <summary>Browse movies released in 1955</summary>
    <thumbnail>https://raw.githubusercontent.com/OpenELEQ/repository.elysium/master/images/Default/1955.png</thumbnail>
  </dir>

  <dir>
    <title>1954</title>
    <tmdb>year/movies/1954</tmdb>
    <summary>Browse movies released in 1954</summary>
    <thumbnail>https://raw.githubusercontent.com/OpenELEQ/repository.elysium/master/images/Default/1954.png</thumbnail>
  </dir>

  <dir>
    <title>1953</title>
    <tmdb>year/movies/1953</tmdb>
    <summary>Browse movies released in 1953</summary>
    <thumbnail>https://raw.githubusercontent.com/OpenELEQ/repository.elysium/master/images/Default/1953.png</thumbnail>
  </dir>

  <dir>
    <title>1952</title>
    <tmdb>year/movies/1952</tmdb>
    <summary>Browse movies released in 1952</summary>
    <thumbnail>https://raw.githubusercontent.com/OpenELEQ/repository.elysium/master/images/Default/1952.png</thumbnail>
  </dir>

  <dir>
    <title>1951</title>
    <tmdb>year/movies/1951</tmdb>
    <summary>Browse movies released in 1951</summary>
    <thumbnail>https://raw.githubusercontent.com/OpenELEQ/repository.elysium/master/images/Default/1951.png</thumbnail>
  </dir>

  <dir>
    <title>1950</title>
    <tmdb>year/movies/1950</tmdb>
    <summary>Browse movies released in 1950</summary>
    <thumbnail>https://raw.githubusercontent.com/OpenELEQ/repository.elysium/master/images/Default/1950.png</thumbnail>
  </dir>

  <dir>
    <title>1949</title>
    <tmdb>year/movies/1949</tmdb>
    <summary>Browse movies released in 1949</summary>
    <thumbnail>https://raw.githubusercontent.com/OpenELEQ/repository.elysium/master/images/Default/1949.png</thumbnail>
  </dir>

  <dir>
    <title>1948</title>
    <tmdb>year/movies/1948</tmdb>
    <summary>Browse movies released in 1948</summary>
    <thumbnail>https://raw.githubusercontent.com/OpenELEQ/repository.elysium/master/images/Default/1948.png</thumbnail>
  </dir>

  <dir>
    <title>1947</title>
    <tmdb>year/movies/1947</tmdb>
    <summary>Browse movies released in 1947</summary>
    <thumbnail>https://raw.githubusercontent.com/OpenELEQ/repository.elysium/master/images/Default/1947.png</thumbnail>
  </dir>

  <dir>
    <title>1946</title>
    <tmdb>year/movies/1946</tmdb>
    <summary>Browse movies released in 1946</summary>
    <thumbnail>https://raw.githubusercontent.com/OpenELEQ/repository.elysium/master/images/Default/1946.png</thumbnail>
  </dir>

  <dir>
    <title>1945</title>
    <tmdb>year/movies/1945</tmdb>
    <summary>Browse movies released in 1945</summary>
    <thumbnail>https://raw.githubusercontent.com/OpenELEQ/repository.elysium/master/images/Default/1945.png</thumbnail>
  </dir>

  <dir>
    <title>1944</title>
    <tmdb>year/movies/1944</tmdb>
    <summary>Browse movies released in 1944</summary>
    <thumbnail>https://raw.githubusercontent.com/OpenELEQ/repository.elysium/master/images/Default/1944.png</thumbnail>
  </dir>

  <dir>
    <title>1943</title>
    <tmdb>year/movies/1943</tmdb>
    <summary>Browse movies released in 1943</summary>
    <thumbnail>https://raw.githubusercontent.com/OpenELEQ/repository.elysium/master/images/Default/1943.png</thumbnail>
  </dir>

  <dir>
    <title>1942</title>
    <tmdb>year/movies/1942</tmdb>
    <summary>Browse movies released in 1942</summary>
    <thumbnail>https://raw.githubusercontent.com/OpenELEQ/repository.elysium/master/images/Default/1942.png</thumbnail>
  </dir>

  <dir>
    <title>1941</title>
    <tmdb>year/movies/1941</tmdb>
    <summary>Browse movies released in 1941</summary>
    <thumbnail>https://raw.githubusercontent.com/OpenELEQ/repository.elysium/master/images/Default/1941.png</thumbnail>
  </dir>

  <dir>
    <title>1940</title>
    <tmdb>year/movies/1940</tmdb>
    <summary>Browse movies released in 1940</summary>
    <thumbnail>https://raw.githubusercontent.com/OpenELEQ/repository.elysium/master/images/Default/1940.png</thumbnail>
  </dir>

  <dir>
    <title>1939</title>
    <tmdb>year/movies/1939</tmdb>
    <summary>Browse movies released in 1939</summary>
    <thumbnail>https://raw.githubusercontent.com/OpenELEQ/repository.elysium/master/images/Default/1939.png</thumbnail>
  </dir>

  <dir>
    <title>1938</title>
    <tmdb>year/movies/1938</tmdb>
    <summary>Browse movies released in 1938</summary>
    <thumbnail>https://raw.githubusercontent.com/OpenELEQ/repository.elysium/master/images/Default/1938.png</thumbnail>
  </dir>

  <dir>
    <title>1937</title>
    <tmdb>year/movies/1937</tmdb>
    <summary>Browse movies released in 1937</summary>
    <thumbnail>https://raw.githubusercontent.com/OpenELEQ/repository.elysium/master/images/Default/1937.png</thumbnail>
  </dir>

  <dir>
    <title>1936</title>
    <tmdb>year/movies/1936</tmdb>
    <summary>Browse movies released in 1936</summary>
    <thumbnail>https://raw.githubusercontent.com/OpenELEQ/repository.elysium/master/images/Default/1936.png</thumbnail>
  </dir>

  <dir>
    <title>1935</title>
    <tmdb>year/movies/1935</tmdb>
    <summary>Browse movies released in 1935</summary>
    <thumbnail>https://raw.githubusercontent.com/OpenELEQ/repository.elysium/master/images/Default/1935.png</thumbnail>
  </dir>

  <dir>
    <title>1934</title>
    <tmdb>year/movies/1934</tmdb>
    <summary>Browse movies released in 1934</summary>
    <thumbnail>https://raw.githubusercontent.com/OpenELEQ/repository.elysium/master/images/Default/1934.png</thumbnail>
  </dir>

  <dir>
    <title>1933</title>
    <tmdb>year/movies/1933</tmdb>
    <summary>Browse movies released in 1933</summary>
    <thumbnail>https://raw.githubusercontent.com/OpenELEQ/repository.elysium/master/images/Default/1933.png</thumbnail>
  </dir>

  <dir>
    <title>1932</title>
    <tmdb>year/movies/1932</tmdb>
    <summary>Browse movies released in 1932</summary>
    <thumbnail>https://raw.githubusercontent.com/OpenELEQ/repository.elysium/master/images/Default/1932.png</thumbnail>
  </dir>

  <dir>
    <title>1931</title>
    <tmdb>year/movies/1931</tmdb>
    <summary>Browse movies released in 1931</summary>
    <thumbnail>https://raw.githubusercontent.com/OpenELEQ/repository.elysium/master/images/Default/1931.png</thumbnail>
  </dir>

  <dir>
    <title>1930</title>
    <tmdb>year/movies/1930</tmdb>
    <summary>Browse movies released in 1930</summary>
    <thumbnail>https://raw.githubusercontent.com/OpenELEQ/repository.elysium/master/images/Default/1930.png</thumbnail>
  </dir>

  <dir>
    <title>1929</title>
    <tmdb>year/movies/1929</tmdb>
    <summary>Browse movies released in 1929</summary>
    <thumbnail>https://raw.githubusercontent.com/OpenELEQ/repository.elysium/master/images/Default/1929.png</thumbnail>
  </dir>

  <dir>
    <title>1928</title>
    <tmdb>year/movies/1928</tmdb>
    <summary>Browse movies released in 1928</summary>
    <thumbnail>https://raw.githubusercontent.com/OpenELEQ/repository.elysium/master/images/Default/1928.png</thumbnail>
  </dir>

  <dir>
    <title>1927</title>
    <tmdb>year/movies/1927</tmdb>
    <summary>Browse movies released in 1927</summary>
    <thumbnail>https://raw.githubusercontent.com/OpenELEQ/repository.elysium/master/images/Default/1927.png</thumbnail>
  </dir>

  <dir>
    <title>1926</title>
    <tmdb>year/movies/1926</tmdb>
    <summary>Browse movies released in 1926</summary>
    <thumbnail>https://raw.githubusercontent.com/OpenELEQ/repository.elysium/master/images/Default/1926.png</thumbnail>
  </dir>

  <dir>
    <title>1925</title>
    <tmdb>year/movies/1925</tmdb>
    <summary>Browse movies released in 1925</summary>
    <thumbnail>https://raw.githubusercontent.com/OpenELEQ/repository.elysium/master/images/Default/1925.png</thumbnail>
  </dir>

  <dir>
    <title>1924</title>
    <tmdb>year/movies/1924</tmdb>
    <summary>Browse movies released in 1924</summary>
    <thumbnail>https://raw.githubusercontent.com/OpenELEQ/repository.elysium/master/images/Default/1924.png</thumbnail>
  </dir>

  <dir>
    <title>1923</title>
    <tmdb>year/movies/1923</tmdb>
    <summary>Browse movies released in 1923</summary>
    <thumbnail>https://raw.githubusercontent.com/OpenELEQ/repository.elysium/master/images/Default/1923.png</thumbnail>
  </dir>

  <dir>
    <title>1922</title>
    <tmdb>year/movies/1922</tmdb>
    <summary>Browse movies released in 1922</summary>
    <thumbnail>https://raw.githubusercontent.com/OpenELEQ/repository.elysium/master/images/Default/1922.png</thumbnail>
  </dir>

  <dir>
    <title>1921</title>
    <tmdb>year/movies/1921</tmdb>
    <summary>Browse movies released in 1921</summary>
    <thumbnail>https://raw.githubusercontent.com/OpenELEQ/repository.elysium/master/images/Default/1921.png</thumbnail>
  </dir>

  <dir>
    <title>1920</title>
    <tmdb>year/movies/1920</tmdb>
    <summary>Browse movies released in 1920</summary>
    <thumbnail>https://raw.githubusercontent.com/OpenELEQ/repository.elysium/master/images/Default/1920.png</thumbnail>
  </dir>

  <dir>
    <title>1919</title>
    <tmdb>year/movies/1919</tmdb>
    <summary>Browse movies released in 1919</summary>
    <thumbnail>https://raw.githubusercontent.com/OpenELEQ/repository.elysium/master/images/Default/1919.png</thumbnail>
  </dir>

  <dir>
    <title>1918</title>
    <tmdb>year/movies/1918</tmdb>
    <summary>Browse movies released in 1918</summary>
    <thumbnail>https://raw.githubusercontent.com/OpenELEQ/repository.elysium/master/images/Default/1918.png</thumbnail>
  </dir>

  <dir>
    <title>1917</title>
    <tmdb>year/movies/1917</tmdb>
    <summary>Browse movies released in 1917</summary>
    <thumbnail>https://raw.githubusercontent.com/OpenELEQ/repository.elysium/master/images/Default/1917.png</thumbnail>
  </dir>

  <dir>
    <title>1916</title>
    <tmdb>year/movies/1916</tmdb>
    <summary>Browse movies released in 1916</summary>
    <thumbnail>https://raw.githubusercontent.com/OpenELEQ/repository.elysium/master/images/Default/1916.png</thumbnail>
  </dir>

  <dir>
    <title>1915</title>
    <tmdb>year/movies/1915</tmdb>
    <summary>Browse movies released in 1915</summary>
    <thumbnail>https://raw.githubusercontent.com/OpenELEQ/repository.elysium/master/images/Default/1915.png</thumbnail>
  </dir>

  <dir>
    <title>1914</title>
    <tmdb>year/movies/1914</tmdb>
    <summary>Browse movies released in 1914</summary>
    <thumbnail>https://raw.githubusercontent.com/OpenELEQ/repository.elysium/master/images/Default/1914.png</thumbnail>
  </dir>

  <dir>
    <title>1913</title>
    <tmdb>year/movies/1913</tmdb>
    <summary>Browse movies released in 1913</summary>
    <thumbnail>https://raw.githubusercontent.com/OpenELEQ/repository.elysium/master/images/Default/1913.png</thumbnail>
  </dir>

  <dir>
    <title>1912</title>
    <tmdb>year/movies/1912</tmdb>
    <summary>Browse movies released in 1912</summary>
    <thumbnail>https://raw.githubusercontent.com/OpenELEQ/repository.elysium/master/images/Default/1912.png</thumbnail>
  </dir>

  <dir>
    <title>1911</title>
    <tmdb>year/movies/1911</tmdb>
    <summary>Browse movies released in 1911</summary>
    <thumbnail>https://raw.githubusercontent.com/OpenELEQ/repository.elysium/master/images/Default/1911.png</thumbnail>
  </dir>

  <dir>
    <title>1910</title>
    <tmdb>year/movies/1910</tmdb>
    <summary>Browse movies released in 1910</summary>
    <thumbnail>https://raw.githubusercontent.com/OpenELEQ/repository.elysium/master/images/Default/1910.png</thumbnail>
  </dir>

  <dir>
    <title>1909</title>
    <tmdb>year/movies/1909</tmdb>
    <summary>Browse movies released in 1909</summary>
    <thumbnail>https://raw.githubusercontent.com/OpenELEQ/repository.elysium/master/images/Default/1909.png</thumbnail>
  </dir>

  <dir>
    <title>1908</title>
    <tmdb>year/movies/1908</tmdb>
    <summary>Browse movies released in 1908</summary>
    <thumbnail>https://raw.githubusercontent.com/OpenELEQ/repository.elysium/master/images/Default/1908.png</thumbnail>
  </dir>

  <dir>
    <title>1907</title>
    <tmdb>year/movies/1907</tmdb>
    <summary>Browse movies released in 1907</summary>
    <thumbnail>https://raw.githubusercontent.com/OpenELEQ/repository.elysium/master/images/Default/1907.png</thumbnail>
  </dir>

  <dir>
    <title>1906</title>
    <tmdb>year/movies/1906</tmdb>
    <summary>Browse movies released in 1906</summary>
    <thumbnail>https://raw.githubusercontent.com/OpenELEQ/repository.elysium/master/images/Default/1906.png</thumbnail>
  </dir>

  <dir>
    <title>1905</title>
    <tmdb>year/movies/1905</tmdb>
    <summary>Browse movies released in 1905</summary>
    <thumbnail>https://raw.githubusercontent.com/OpenELEQ/repository.elysium/master/images/Default/1905.png</thumbnail>
  </dir>

  <dir>
    <title>1904</title>
    <tmdb>year/movies/1904</tmdb>
    <summary>Browse movies released in 1904</summary>
    <thumbnail>https://raw.githubusercontent.com/OpenELEQ/repository.elysium/master/images/Default/1904.png</thumbnail>
  </dir>

  <dir>
    <title>1903</title>
    <tmdb>year/movies/1903</tmdb>
    <summary>Browse movies released in 1903</summary>
    <thumbnail>https://raw.githubusercontent.com/OpenELEQ/repository.elysium/master/images/Default/1903.png</thumbnail>
  </dir>

  <dir>
    <title>1902</title>
    <tmdb>year/movies/1902</tmdb>
    <summary>Browse movies released in 1902</summary>
    <thumbnail>https://raw.githubusercontent.com/OpenELEQ/repository.elysium/master/images/Default/1902.png</thumbnail>
  </dir>

  <dir>
    <title>1901</title>
    <tmdb>year/movies/1901</tmdb>
    <summary>Browse movies released in 1901</summary>
    <thumbnail>https://raw.githubusercontent.com/OpenELEQ/repository.elysium/master/images/Default/1901.png</thumbnail>
  </dir>

  <dir>
    <title>1900</title>
    <tmdb>year/movies/1900</tmdb>
    <summary>Browse movies released in 1900</summary>
    <thumbnail>https://raw.githubusercontent.com/OpenELEQ/repository.elysium/master/images/Default/1900.png</thumbnail>
  </dir>